"","Dim.1","Dim.2","Dim.3","Dim.4","Dim.5"
"Competition",0.051104872438477,0.000378962323011336,0.0275831002360776,0.00855615342446399,0.109227084618464
