"","Dim.1","Dim.2","Dim.3","Dim.4","Dim.5"
"Decastar",-1.42975343942206,-0.123119831548165,1.05039231215916,-0.585018065514688,2.09023524626737
"OlympicG",1.42975343942197,0.123119831548231,-1.05039231215925,0.585018065514661,-2.09023524626747
