"","Dim.1","Dim.2","Dim.3","Dim.4","Dim.5"
"Decastar",0.402768772825904,0.00158570113352209,0.0933439926855362,0.0217813496551852,0.180164838114472
"OlympicG",0.402768772825864,0.0015857011335238,0.0933439926855537,0.0217813496551835,0.180164838114492
