"","Dim.1","Dim.2","Dim.3","Dim.4","Dim.5"
"Rank",0.449584135220772,0.00264176712075625,0.00340391021340832,0.0260524575082706,0.122517979697243
"Points",0.914230975338248,0.000272782560020909,0.00440260383499082,0.0556997279210918,0.0129107707287238
