"","Dim.1","Dim.2","Dim.3","Dim.4","Dim.5"
"Rank",-0.670510354297957,0.0513981237085193,-0.0583430391170045,-0.161407736829034,-0.350025684339368
"Points",0.956154263358297,-0.016516130298012,-0.0663521200489541,0.236007898005749,0.113625572512194
